num_units,regularization_weight,optimizer,num_layers,learning_rate,regularization_function,dropout,hidden layer width,Number of parameters,Accuracy,Validation Accuracy,Recall,Validation Recall,Precision,Validation Precision,F1 Score,Validation F1 Score,True Positives,False Positives,True Negatives,False Negatives,Validation True Positives,Validation False Positives,Validation True Negatives,Validation False Negatives
8192.0,0.003312105469720022,adam,1.0,0.06880060793336905,l2,0.22383303332416382,1024.0,418389.0,0.6944064497947693,0.6320900321006775,0.5014770030975342,0.47612106800079346,0.1954532116651535,0.23711685836315155,0.28127679228782654,0.3165736794471741,5.979808807373047,24.614768981933594,63.460838317871094,5.944583892822266,8.521097183227539,27.415180206298828,54.68790817260742,9.375815391540527
2048.0,0.0493547617957296,adam,2.0,0.0016424378695301574,l2,0.45155198227596927,512.0,472661.0,0.674382209777832,0.5955337882041931,0.5518950819969177,0.5207399129867554,0.1947079300880432,0.22626528143882751,0.2878590226173401,0.315460205078125,6.581013202667236,27.21839714050293,60.857208251953125,5.343379497528076,9.319636344909668,31.86934471130371,50.233741760253906,8.577275276184082
2048.0,0.03883497531750085,sgd,1.0,0.0015550120410639113,l1,0.0797571912309759,128.0,53717.0,0.5411917567253113,0.48243415355682373,0.6224903464317322,0.6449551582336426,0.15210051834583282,0.20269888639450073,0.24446707963943481,0.3084549307823181,7.4228196144104,41.379249572753906,46.69635772705078,4.501573085784912,11.542705535888672,45.40237808227539,36.700706481933594,6.354206562042236
8192.0,5.202485544215081e-05,adam,0.0,0.02113776478173897,l1,0.14048590287973434,512.0,2026.0,0.6596237421035767,0.6105014085769653,0.6503779888153076,0.47769057750701904,0.2061283141374588,0.22408625483512878,0.3130418658256531,0.3050648868083954,7.7553629875183105,29.868595123291016,58.20701217651367,4.169029712677002,8.549186706542969,29.602134704589844,52.500953674316406,9.347725868225098
8192.0,0.005825563004091829,adam,0.0,0.029214245262593443,l2,0.776633380511813,512.0,2026.0,0.6602327227592468,0.6412591934204102,0.6512792110443115,0.4387892484664917,0.20663034915924072,0.23314271867275238,0.31372514367103577,0.3044961988925934,7.766109466552734,29.818445205688477,58.257164001464844,4.158283233642578,7.852972507476807,25.83013916015625,56.27294921875,10.043939590454102
512.0,0.018251705304838883,adam,2.0,0.05469902834070227,l2,0.6991536598505523,512.0,472661.0,0.4892326295375824,0.1789691150188446,0.5134431719779968,1.0,0.11912091076374054,0.1789691150188446,0.19337715208530426,0.3036024570465088,6.12249755859375,45.27484130859375,42.80076599121094,5.8018951416015625,17.89691162109375,82.10308837890625,0.0,0.0
512.0,0.0005062472985700509,adam,3.0,0.040740885631911576,l1,0.7528108090443639,256.0,237397.0,0.5026895999908447,0.1789691150188446,0.4929654896259308,1.0,0.1186022162437439,0.1789691150188446,0.19120271503925323,0.3036024570465088,5.878314018249512,43.68496322631836,44.39064407348633,6.046078205108643,17.89691162109375,82.10308837890625,0.0,0.0
512.0,0.0002414357951599334,adam,3.0,0.071900740947566,l1,0.3329439511154769,512.0,735317.0,0.4940566122531891,0.1789691150188446,0.5080358386039734,1.0,0.11928525567054749,0.1789691150188446,0.19320596754550934,0.3036024570465088,6.058019161224365,44.72796630859375,43.34764099121094,5.866373538970947,17.89691162109375,82.10308837890625,0.0,0.0
512.0,0.0018933648416640545,adam,2.0,0.07849391421494961,l1,0.06014685929042978,128.0,70229.0,0.4915849268436432,0.1789691150188446,0.5104891657829285,1.0,0.11914416402578354,0.1789691150188446,0.19319723546504974,0.3036024570465088,6.087273120880127,45.00438690185547,43.07122039794922,5.8371195793151855,17.89691162109375,82.10308837890625,0.0,0.0
512.0,0.00016809178200505453,adam,2.0,0.05643245445405191,l2,0.5950736949336969,256.0,171605.0,0.48689231276512146,0.1789691150188446,0.5164471864700317,1.0,0.11910948157310486,0.1789691150188446,0.19357411563396454,0.3036024570465088,6.158319473266602,45.54469680786133,42.53091049194336,5.766073226928711,17.89691162109375,82.10308837890625,0.0,0.0
8192.0,1.581137060210743e-05,sgd,2.0,0.0011683009795510149,l1,0.3140473041596691,256.0,171605.0,0.47619956731796265,0.47611403465270996,0.5324187874794006,0.6369954943656921,0.1194428876042366,0.19898441433906555,0.19511359930038452,0.3032417893409729,6.348770618438721,46.804420471191406,41.27118682861328,5.575622081756592,11.400252342224121,45.891937255859375,36.211151123046875,6.496659278869629
512.0,0.07282056955912629,sgd,0.0,0.00047437526948547465,l2,0.11716939231947682,1024.0,2026.0,0.5151315927505493,0.5360646843910217,0.5362238883972168,0.5614349842071533,0.12956532835960388,0.20677980780601501,0.2087024450302124,0.3022416830062866,6.394144535064697,42.95658874511719,45.1190185546875,5.530248165130615,10.047952651977539,38.54457092285156,43.55851745605469,7.848959922790527
2048.0,4.057699372705232e-05,sgd,3.0,0.00032274961431975224,l1,0.21665637797284676,32.0,16757.0,0.33031636476516724,0.33012980222702026,0.7212737202644348,0.8080717325210571,0.11904899775981903,0.18537664413452148,0.2043662667274475,0.30157071352005005,8.600750923156738,63.64472198486328,24.430885314941406,3.323641538619995,14.461989402770996,63.55209732055664,18.550992965698242,3.4349231719970703
8192.0,0.016669231657579407,sgd,2.0,0.018872550712759655,l2,0.0006757743591116139,256.0,171605.0,0.6110199093818665,0.5801448822021484,0.5438842177391052,0.5060538053512573,0.16236211359500885,0.2146049290895462,0.25007158517837524,0.301395058631897,6.485489368438721,33.4591064453125,54.61650085449219,5.438903331756592,9.056800842285156,33.14540100097656,48.95768356323242,8.84011173248291
2048.0,0.0299036277151789,adam,2.0,0.03829517226097535,l1,0.006849525915242083,1024.0,1467989.0,0.5639086365699768,0.3406231701374054,0.4465528428554535,0.7892376780509949,0.12578092515468597,0.18514622747898102,0.19627614319324493,0.29993152618408203,5.32487154006958,37.00961685180664,51.06599044799805,6.599521160125732,14.124917030334473,62.165687561035156,19.937400817871094,3.7719948291778564
8192.0,0.0037237256531818296,sgd,2.0,0.018725152440538607,l1,0.7801591729091465,32.0,15701.0,0.4472557604312897,0.2971048057079315,0.5795824527740479,0.836995542049408,0.1208830252289772,0.18189792335033417,0.20004291832447052,0.2988488972187042,6.911168575286865,50.261199951171875,37.81440734863281,5.013224124908447,14.979635238647461,67.37224578857422,14.730844497680664,2.9172768592834473
512.0,0.03673753411636734,sgd,3.0,0.00013463757500860644,l1,0.7924547664282733,512.0,735317.0,0.4707666337490082,0.4184105396270752,0.5343713760375977,0.6884528994560242,0.11856517940759659,0.18983584642410278,0.19407013058662415,0.29760801792144775,6.372054576873779,47.37099838256836,40.70460891723633,5.552338123321533,12.321181297302246,52.583213806152344,29.519872665405273,5.575730800628662
2048.0,0.00045420927384009574,adam,2.0,0.004429924088289056,l2,0.06917407178259864,1024.0,1467989.0,0.7980083227157593,0.6080335378646851,0.8018825650215149,0.4639013409614563,0.34899330139160156,0.21903450787067413,0.4863276779651642,0.2975689470767975,9.561962127685547,17.83673667907715,70.2388687133789,2.3624303340911865,8.302401542663574,29.602134704589844,52.500953674316406,9.594510078430176
512.0,0.008397538959541375,sgd,1.0,0.0005962184315884358,l2,0.27948291530765523,128.0,53717.0,0.5065643191337585,0.45267951488494873,0.5821859240531921,0.6465246677398682,0.13531629741191864,0.19292141497135162,0.21959272027015686,0.297168105840683,6.942214012145996,44.361392974853516,43.71421432495117,4.982178688049316,11.570795059204102,48.40592956542969,33.69715881347656,6.326117038726807
8192.0,0.0006283600635601522,sgd,3.0,0.0010425465040614468,l2,0.09047629623215335,256.0,237397.0,0.3924368917942047,0.4155213534832001,0.6551845073699951,0.6893497705459595,0.12120706588029861,0.18914762139320374,0.20456917583942413,0.29684486985206604,7.812677383422852,56.644596099853516,31.431011199951172,4.111715316772461,12.33723258972168,52.88818359375,29.214902877807617,5.559679985046387
8192.0,8.559916192995686e-05,sgd,2.0,0.020262183530947463,l2,0.31883692903506633,256.0,171605.0,0.5659026503562927,0.5957344174385071,0.5590547323226929,0.4765695035457611,0.1487431526184082,0.21544776856899261,0.23496946692466736,0.29674312472343445,6.666388034820557,38.151729583740234,49.92387771606445,5.258004665374756,8.529122352600098,31.058767318725586,51.04431915283203,9.367789268493652
2048.0,0.016891862110144852,sgd,0.0,0.0018814430759945227,l1,0.4021911654304116,64.0,2026.0,0.5532994866371155,0.5720390677452087,0.5913482904434204,0.5043721795082092,0.15051612257957458,0.21015508472919464,0.23995579779148102,0.29668912291526794,7.051469802856445,39.7971305847168,48.27847671508789,4.872922897338867,9.026704788208008,33.92588424682617,48.17720413208008,8.870206832885742
512.0,0.03935424340977737,adam,0.0,0.001413346273764601,l2,0.21756608960573376,128.0,2026.0,0.6599401831626892,0.5993058085441589,0.6499273777008057,0.4714125692844391,0.20621782541275024,0.2160731703042984,0.31309279799461365,0.29632458090782166,7.7499895095825195,29.831579208374023,58.2440299987793,4.174403190612793,8.436829566955566,30.609336853027344,51.493751525878906,9.4600830078125
8192.0,0.001371892795176804,adam,0.0,0.015010513821155097,l1,0.10641360980089987,64.0,2026.0,0.6619760394096375,0.6316486597061157,0.6519300937652588,0.4320627748966217,0.2077145129442215,0.22476235032081604,0.3150492310523987,0.2956990897655487,7.773870468139648,29.651874542236328,58.42373275756836,4.150522232055664,7.7325897216796875,26.670812606811523,55.432273864746094,10.164322853088379
512.0,0.05130270357288389,adam,0.0,0.004864852567102393,l2,0.6975974688450051,32.0,2026.0,0.6571938395500183,0.658654510974884,0.6491763591766357,0.39899101853370667,0.20458203554153442,0.23397541046142578,0.31111767888069153,0.29497280716896057,7.741034030914307,30.09725570678711,57.97835159301758,4.183358669281006,7.140707492828369,23.37834358215332,58.7247428894043,10.756204605102539
2048.0,0.0015905569023816398,adam,0.0,0.013360090197339483,l2,0.33103843977029945,64.0,2026.0,0.656453549861908,0.47886279225349426,0.6451209187507629,0.6086322665214539,0.20342595875263214,0.19450415670871735,0.30931511521339417,0.2947976291179657,7.6926751136779785,30.122926712036133,57.95267868041992,4.231717586517334,10.892638206481934,45.10944747924805,36.9936408996582,7.004273414611816
2048.0,3.91779079680726e-05,adam,2.0,0.001268521526094606,l1,0.47166170946453234,128.0,70229.0,0.7710705399513245,0.6584337949752808,0.7724428176879883,0.39798206090927124,0.3133988678455353,0.2334911823272705,0.44588908553123474,0.2943122386932373,9.21091079711914,20.179466247558594,67.8961410522461,2.7134814262390137,7.122650146484375,23.382356643676758,58.720733642578125,10.774262428283691
512.0,0.03673888553927359,sgd,1.0,0.0018894362009467605,l2,0.4355810517825043,64.0,27669.0,0.5968883037567139,0.5976405143737793,0.5740749835968018,0.4680493175983429,0.1626867651939392,0.21427838504314423,0.25352638959884644,0.2939722537994385,6.845495700836182,35.23227310180664,52.84333419799805,5.078896999359131,8.37663745880127,30.715675354003906,51.387413024902344,9.52027416229248
8192.0,0.008309685782611143,adam,0.0,0.026535739821232307,l1,0.2140209957176894,32.0,2026.0,0.6601729989051819,0.6788788437843323,0.6529815196990967,0.3735426068305969,0.2069140523672104,0.2423449009656906,0.31424954533576965,0.2939692735671997,7.786407947540283,29.84471321105957,58.230892181396484,4.137984752655029,6.6852593421936035,20.900463104248047,61.2026252746582,11.211652755737305
2048.0,0.008003390397311011,sgd,3.0,0.00040187490903356515,l2,0.41142703816933573,256.0,237397.0,0.45560815930366516,0.43267589807510376,0.5706203579902649,0.6590807437896729,0.12123823165893555,0.188950315117836,0.19998566806316376,0.2937000095844269,6.804300785064697,49.319091796875,38.75651550292969,5.120091915130615,11.795509338378906,50.63100814819336,31.472082138061523,6.101402282714844
512.0,0.01908094984590826,sgd,3.0,0.00043223611679215837,l2,0.2640938073178109,512.0,735317.0,0.5005581974983215,0.5810477137565613,0.552545964717865,0.48621076345443726,0.12869369983673096,0.21017688512802124,0.20876376330852509,0.2934862971305847,6.588774681091309,44.608558654785156,43.46704864501953,5.335618019104004,8.701671600341797,32.69998550415039,49.40310287475586,9.19524097442627
512.0,0.0034651700092239533,adam,0.0,0.001058014308810903,l1,0.7131064683976377,64.0,2026.0,0.6597431302070618,0.5807066559791565,0.6483252644538879,0.48363229632377625,0.20581082999706268,0.20935650169849396,0.3124378025531769,0.29221659898757935,7.730884552001953,29.832176208496094,58.243431091308594,4.193508148193359,8.655524253845215,32.68794631958008,49.415138244628906,9.241387367248535
2048.0,0.0003517453938844295,sgd,1.0,0.000596022287307119,l2,0.7198548002848162,512.0,210005.0,0.5071076154708862,0.596557080745697,0.5236068964004517,0.46513453125953674,0.12524400651454926,0.2129220962524414,0.20213742554187775,0.29212096333503723,6.243693828582764,43.608543395996094,44.467063903808594,5.680698871612549,8.324471473693848,30.771854400634766,51.331233978271484,9.572440147399902
2048.0,7.421210562439001e-05,adam,3.0,0.011089433650522193,l2,0.30718133160505173,64.0,35989.0,0.7555180191993713,0.5938684940338135,0.765082836151123,0.4672645628452301,0.29649391770362854,0.21202564239501953,0.4273684322834015,0.29169249534606934,9.123148918151855,21.646955490112305,66.42864990234375,2.8012442588806152,8.362592697143555,31.07883071899414,51.02425765991211,9.534318923950195
2048.0,0.021351073847877218,sgd,1.0,0.0043264432503418845,l2,0.3359732321244341,32.0,14645.0,0.5549054741859436,0.57149738073349,0.5370750427246094,0.49271300435066223,0.1410834789276123,0.20704762637615204,0.22346487641334534,0.29157087206840515,6.404294013977051,38.98935317993164,49.08625411987305,5.520098686218262,8.818041801452637,33.771392822265625,48.331695556640625,9.07887077331543
2048.0,4.8536491601960987e-05,adam,3.0,0.000399229262430305,l1,0.16460940583576378,1024.0,2517589.0,0.821071445941925,0.6469372510910034,0.8362289071083069,0.40549325942993164,0.3848298490047455,0.22732700407505035,0.527092695236206,0.29132890701293945,9.971522331237793,15.939987182617188,72.1356201171875,1.9528708457946777,7.257077693939209,24.666439056396484,57.436649322509766,10.6398344039917
2048.0,1.105264199212446e-05,sgd,1.0,0.00059416528980814,l1,0.6344536581423214,256.0,105813.0,0.48265939950942993,0.47575289011001587,0.5698192715644836,0.6020179390907288,0.1272444725036621,0.19213567674160004,0.20803333818912506,0.29130128026008606,6.794748783111572,46.60441589355469,41.47119140625,5.12964391708374,10.774262428283691,45.302059173583984,36.801025390625,7.122650146484375
512.0,0.0020072209707519555,adam,0.0,0.005265583133180834,l1,0.08073803724174909,128.0,2026.0,0.6569252014160156,0.6684456467628479,0.6470234990119934,0.3798206150531769,0.20403555035591125,0.23558862507343292,0.3102385103702545,0.2908025085926056,7.715362071990967,30.09844970703125,57.97715759277344,4.209030628204346,6.797616481781006,22.05613899230957,60.04694747924805,11.099295616149902
2048.0,0.014822696691883765,sgd,1.0,0.0010069321718657513,l1,0.1960784031161989,32.0,14645.0,0.3486569821834564,0.33446359634399414,0.7387973666191101,0.7622197270393372,0.12437941133975983,0.17963486909866333,0.21291369199752808,0.29074785113334656,8.809709548950195,62.01961898803711,26.055988311767578,3.114682674407959,13.641379356384277,62.2981071472168,19.80497932434082,4.255532741546631
512.0,0.000688835016673898,sgd,3.0,0.0006732685969014623,l2,0.3267447257407534,512.0,735317.0,0.5158122181892395,0.5884111523628235,0.5585540533065796,0.47006726264953613,0.13370247185230255,0.20985986292362213,0.21575802564620972,0.2901725769042969,6.6604180335998535,43.15480422973633,44.92080307006836,5.263974666595459,8.412752151489258,31.674726486206055,50.42836380004883,9.484159469604492
2048.0,0.002724898935639077,adam,0.0,0.020074641509882814,l1,0.6559058474923851,128.0,2026.0,0.6525370478630066,0.5468389391899109,0.644369900226593,0.5173766613006592,0.20120063424110413,0.20156359672546387,0.30665090680122375,0.2901051938533783,7.683719635009766,30.5056209564209,57.569984436035156,4.240673065185547,9.259445190429688,36.67863845825195,45.4244499206543,8.637467384338379
2048.0,0.0018042128246557937,adam,0.0,0.0005018673698718728,l1,0.14206248836935603,128.0,2026.0,0.6520773768424988,0.6087960004806519,0.6319531202316284,0.44663676619529724,0.1986246407032013,0.21481721103191376,0.30225059390068054,0.2901037037372589,7.5356574058532715,30.40353012084961,57.67207717895508,4.388735294342041,7.993419170379639,29.216909408569336,52.88617706298828,9.90349292755127
512.0,2.3737684161446886e-05,adam,3.0,0.001987472845669337,l1,0.5566662934147548,128.0,86741.0,0.7459118962287903,0.6486828327178955,0.7463575601577759,0.40056052803993225,0.28448474407196045,0.22705897688865662,0.4119488298892975,0.2898275852203369,8.899861335754395,22.384281158447266,65.69132232666016,3.024531841278076,7.168796539306641,24.403602600097656,57.699485778808594,10.72811508178711
2048.0,0.0033438908649316406,sgd,1.0,0.0005448507764784483,l1,0.27969179408832706,512.0,210005.0,0.5104389786720276,0.5113862156867981,0.5426826477050781,0.5568385720252991,0.12949047982692719,0.19580557942390442,0.20908938348293304,0.289730429649353,6.471160888671875,43.50286865234375,44.57273864746094,5.4532318115234375,9.965690612792969,40.93015670776367,41.17293167114258,7.9312214851379395
8192.0,0.0016710358599832762,sgd,0.0,0.039360828964991004,l2,0.3321041488111942,512.0,2026.0,0.6022436022758484,0.549346923828125,0.590096652507782,0.5128923654556274,0.1678391396999359,0.20162178575992584,0.2613445222377777,0.2894558012485504,7.036543846130371,34.88779067993164,53.18781661987305,4.887848854064941,9.179189682006836,36.34758377075195,45.75550079345703,8.717721939086914
2048.0,0.01131380623670544,sgd,0.0,0.01621349180912632,l2,0.07230127602820673,128.0,2026.0,0.621760368347168,0.5940691232681274,0.598908543586731,0.460650235414505,0.17772825062274933,0.2103942632675171,0.2741122543811798,0.28885722160339355,7.141620635986328,33.04118728637695,55.034420013427734,4.782772064208984,8.244216918945312,30.94038963317871,51.162696838378906,9.652695655822754
512.0,0.0002459696162972609,sgd,0.0,0.0034902296789993932,l2,0.16706811014044273,256.0,2026.0,0.6141602396965027,0.580064594745636,0.5890952944755554,0.4758968651294708,0.17255741357803345,0.2070731669664383,0.26692643761634827,0.2885787785053253,7.024603366851807,33.68418502807617,54.391422271728516,4.899789333343506,8.517084121704102,32.613712310791016,49.489376068115234,9.379827499389648
2048.0,0.0007340359996337312,sgd,1.0,0.006093968413975545,l2,0.6164794715326325,1024.0,418389.0,0.58596271276474,0.6032382845878601,0.5709207653999329,0.44910314679145813,0.1579734832048416,0.21232840418815613,0.24747133255004883,0.2883358299732208,6.807883262634277,36.28721618652344,51.78839111328125,5.116509437561035,8.037559509277344,29.816818237304688,52.28627014160156,9.859353065490723
8192.0,0.013126815529707334,sgd,1.0,0.005493778830266595,l1,0.25658076428853155,256.0,105813.0,0.5289407968521118,0.5650568604469299,0.574425458908081,0.49181613326072693,0.140129953622818,0.20374326407909393,0.2252984195947647,0.2881251573562622,6.849674701690674,42.03120040893555,46.04440689086914,5.0747175216674805,8.801990509033203,34.399391174316406,47.703697204589844,9.094922065734863
2048.0,6.54118152946984e-05,adam,2.0,0.008064897867077054,l1,0.7896145160395416,256.0,171605.0,0.6550983190536499,0.648141086101532,0.5852400660514832,0.3968609869480133,0.19107478857040405,0.2255208045244217,0.2880905270576477,0.2876056730747223,6.97863245010376,29.544408798217773,58.53119659423828,4.945760250091553,7.102586269378662,24.391565322875977,57.71152114868164,10.794325828552246
512.0,9.16908432493566e-05,sgd,2.0,0.00434380640343345,l2,0.43106635374387725,512.0,472661.0,0.6133781671524048,0.5666419267654419,0.575176477432251,0.4882287085056305,0.16953705251216888,0.20360933244228363,0.26188215613365173,0.28737297654151917,6.858630180358887,33.5964241027832,54.479183197021484,5.065762519836426,8.737786293029785,34.17668151855469,47.92640686035156,9.159126281738281
512.0,0.00016119755516935742,sgd,0.0,0.015769521788179672,l2,0.5881774433255488,128.0,2026.0,0.6411159634590149,0.5935876369476318,0.6083713173866272,0.45751121640205383,0.18856008350849152,0.20930351316928864,0.2878902852535248,0.28721189498901367,7.254458427429199,31.218469619750977,56.857139587402344,4.669934272766113,8.188037872314453,30.93236541748047,51.17072296142578,9.708873748779297
512.0,0.0434458452732338,adam,0.0,0.0001112334710905925,l1,0.6860702602887061,128.0,2026.0,0.6445249915122986,0.6041210889816284,0.6175837516784668,0.4455156922340393,0.19202029705047607,0.21184498071670532,0.2929542362689972,0.287148654460907,7.364311218261719,30.9874210357666,57.08818817138672,4.560081481933594,7.973355293273926,29.66433334350586,52.43875503540039,9.92355728149414
512.0,0.04888293735614535,adam,1.0,0.00014001624090144904,l2,0.4604832104033194,128.0,53717.0,0.6848182082176208,0.6243253350257874,0.6201372146606445,0.4227578341960907,0.21506832540035248,0.21739882230758667,0.31937459111213684,0.28713881969451904,7.394759178161621,26.988542556762695,61.08706283569336,4.529633522033691,7.5660600662231445,27.23661231994629,54.86647415161133,10.330852508544922
512.0,0.006384555280279757,sgd,0.0,0.03705368598632429,l2,0.14102071616518028,128.0,2026.0,0.6455936431884766,0.5950522422790527,0.6217393279075623,0.4554932713508606,0.19335149228572845,0.20955181121826172,0.2949710190296173,0.2870461046695709,7.4138641357421875,30.93010711669922,57.14550018310547,4.510528564453125,8.151923179626465,30.749784469604492,51.353302001953125,9.744989395141602
2048.0,0.0023207975032773225,sgd,0.0,0.06514209256729508,l2,0.23685813846652126,256.0,2026.0,0.642614483833313,0.5809273719787598,0.6085715889930725,0.4696188271045685,0.1893361210823059,0.205898255109787,0.2888164520263672,0.2862801253795624,7.2568464279174805,31.07100486755371,57.00460433959961,4.667546272277832,8.4047269821167,32.41508102416992,49.68800735473633,9.492185592651367
512.0,8.258734435236066e-05,adam,0.0,0.000575004501354104,l2,0.6197630223761115,32.0,2026.0,0.6574565768241882,0.6110029816627502,0.6418665051460266,0.43486547470092773,0.20335648953914642,0.21282783150672913,0.3088594675064087,0.28578752279281616,7.653868198394775,29.98381996154785,58.0917854309082,4.270524024963379,7.782749176025391,28.785537719726562,53.31755065917969,10.114163398742676
2048.0,0.005571028968320553,sgd,0.0,0.0038272624377560624,l2,0.7513336151588693,512.0,2026.0,0.5599204897880554,0.49878615140914917,0.5841385722160339,0.5602017641067505,0.15137596428394318,0.19178660213947296,0.24044235050678253,0.28574657440185547,6.965497970581055,39.04905700683594,49.02655029296875,4.958894729614258,10.025882720947266,42.2503547668457,39.85272979736328,7.871029853820801
512.0,0.00621433970949074,adam,0.0,0.008049852579884225,l1,0.4504580746417264,1024.0,2026.0,0.6537550091743469,0.6777552366256714,0.6431682705879211,0.3597533702850342,0.20161974430084229,0.2366693764925003,0.3070007264614105,0.28551045060157776,7.66939115524292,30.36949920654297,57.70610809326172,4.255001544952393,6.438474178314209,20.766035079956055,61.33705139160156,11.4584379196167
2048.0,0.003968636549380884,adam,0.0,0.00018513394383422744,l1,0.43967677484915957,512.0,2026.0,0.6438085436820984,0.5959752202033997,0.6095228791236877,0.4504484236240387,0.19011181592941284,0.20869475603103638,0.2898257374763489,0.28523722290992737,7.268189907073975,30.962942123413086,57.11266326904297,4.656202793121338,8.061635971069336,30.567203521728516,51.535884857177734,9.83527660369873
512.0,0.0004046640444929842,sgd,0.0,0.015399541658634495,l1,0.5083056748504458,128.0,2026.0,0.6437428593635559,0.5959150195121765,0.6151304244995117,0.44999998807907104,0.19115930795669556,0.208541139960289,0.29167619347572327,0.28500381112098694,7.335056781768799,31.036376953125,57.03923034667969,4.589335918426514,8.053610801696777,30.565196990966797,51.53789138793945,9.843301773071289
512.0,0.0002001624552230271,sgd,2.0,0.0001133127946953779,l1,0.6860293944343371,512.0,472661.0,0.4947372078895569,0.5599004626274109,0.5226556062698364,0.4893497824668884,0.12204360961914062,0.20073580741882324,0.19788043200969696,0.2846889793872833,6.2323503494262695,44.83423614501953,43.241371154785156,5.692042350769043,8.75784969329834,34.870887756347656,47.23219680786133,9.13906192779541
2048.0,0.024640779879693674,sgd,1.0,0.0015841116212220734,l1,0.6349860066990848,32.0,14645.0,0.44875431060791016,0.44922855496406555,0.6399639248847961,0.6108744144439697,0.13053113222122192,0.18515749275684357,0.2168348878622055,0.284179151058197,7.631181240081787,50.83135986328125,37.24424743652344,4.293210983276367,10.93276596069336,48.112998962402344,33.990089416503906,6.964146137237549
2048.0,4.361214863244965e-05,adam,0.0,0.00021754703200576472,l2,0.506742498794195,64.0,2026.0,0.6432652473449707,0.5934872627258301,0.6081209778785706,0.4506726562976837,0.18957094848155975,0.20741963386535645,0.2890387177467346,0.28408846259117126,7.2514729499816895,31.00055503845215,57.075050354003906,4.672919750213623,8.065649032592773,30.82000732421875,51.2830810546875,9.831263542175293
2048.0,1.6334173264536263e-05,sgd,0.0,0.008674591900802511,l1,0.6497501435402964,32.0,2026.0,0.5965002179145813,0.5565698742866516,0.5872928500175476,0.49125561118125916,0.165043905377388,0.19968101382255554,0.2576744556427002,0.28394579887390137,7.003110408782959,35.42869567871094,52.64691162109375,4.9212822914123535,8.791958808898926,35.23805618286133,46.86503219604492,9.10495376586914
2048.0,0.0013137353721083297,sgd,0.0,0.00017177233539905282,l2,0.29764575918737485,1024.0,2026.0,0.5045045614242554,0.4997893273830414,0.5248084664344788,0.5535874366760254,0.12480799853801727,0.19075211882591248,0.20165804028511047,0.2837356626987457,6.258022308349609,43.883174896240234,44.19243240356445,5.666369915008545,9.907505989074707,42.03166198730469,40.07142639160156,7.989406108856201
512.0,0.0019150429451931911,sgd,1.0,0.0007114466474732092,l1,0.7232142436954325,32.0,14645.0,0.5409529805183411,0.5604221224784851,0.5187503099441528,0.48632287979125977,0.13345268368721008,0.20023079216480255,0.21229131519794464,0.28366807103157043,6.185782432556152,40.16609191894531,47.909515380859375,5.73861026763916,8.703678131103516,34.76455307006836,47.33853530883789,9.19323444366455
2048.0,0.004231185053024072,sgd,3.0,0.0012842500761037871,l1,0.34559296036126846,256.0,237397.0,0.4843370318412781,0.5857226252555847,0.5585540533065796,0.4582959711551666,0.1257566660642624,0.20538584887981415,0.20529210567474365,0.28365209698677063,6.6604180335998535,46.30232238769531,41.773284912109375,5.263974666595459,8.202082633972168,31.73291015625,50.37017822265625,9.694829940795898
512.0,0.0010766019143676308,sgd,1.0,0.0017176281739766657,l1,0.20505292532033073,256.0,105813.0,0.6086078882217407,0.5893340706825256,0.5636609196662903,0.4536995589733124,0.16531571745872498,0.20603808760643005,0.25565120577812195,0.2833831012248993,6.721314430236816,33.93613052368164,54.13947677612305,5.203078269958496,8.119820594787598,31.289501190185547,50.8135871887207,9.777091026306152
512.0,2.1524672444128462e-05,adam,3.0,0.00011058085022270293,l2,0.19964738052273825,32.0,16757.0,0.7129560708999634,0.627575695514679,0.7152656316757202,0.4102017879486084,0.25205546617507935,0.21574293076992035,0.3727540373802185,0.2827661633491516,8.529108047485352,25.309110641479492,62.76649856567383,3.395284652709961,7.341345310211182,26.686864852905273,55.41622543334961,10.555566787719727
512.0,0.014062374326449013,sgd,0.0,0.006934749478660267,l1,0.07334649809321424,32.0,2026.0,0.6352113485336304,0.5732228755950928,0.6035647988319397,0.4690583050251007,0.184784933924675,0.20194025337696075,0.28294432163238525,0.28233030438423157,7.197144031524658,31.75161361694336,56.32399368286133,4.727248668670654,8.394695281982422,33.175498962402344,48.927589416503906,9.502217292785645
512.0,2.9063493347046198e-05,adam,2.0,0.0001602059556943714,l1,0.3176062841497073,256.0,171605.0,0.7936619520187378,0.6571296453475952,0.788965106010437,0.3760089576244354,0.3417924642562866,0.22544868290424347,0.4769582748413086,0.2818838059902191,9.407929420471191,18.117340087890625,69.95826721191406,2.516463041305542,6.729399681091309,23.11952018737793,58.98356628417969,11.167512893676758
512.0,5.760281639599914e-05,sgd,1.0,0.01713337039928254,l1,0.5304129507989547,256.0,105813.0,0.6540236473083496,0.6389318108558655,0.6188855171203613,0.3958520293235779,0.19714827835559845,0.218800351023674,0.29903680086135864,0.2818257212638855,7.379833698272705,30.053075790405273,58.02253341674805,4.544559001922607,7.084528923034668,25.294435501098633,56.808650970458984,10.812383651733398
2048.0,0.000781513155520423,sgd,0.0,0.017169090565809314,l1,0.5235370098201771,512.0,2026.0,0.6223932504653931,0.5858229398727417,0.591899037361145,0.4538116455078125,0.17666134238243103,0.20424844324588776,0.2721075415611267,0.2817073464393616,7.058036804199219,32.89432144165039,55.1812858581543,4.866355895996094,8.121827125549316,31.642623901367188,50.46046447753906,9.775084495544434
8192.0,0.010855931567717988,sgd,1.0,0.00014944687121894537,l2,0.42278519684140303,64.0,27669.0,0.6094258427619934,0.6156377196311951,0.3666449785232544,0.42062780261039734,0.12186111509799957,0.2114875167608261,0.18292371928691864,0.28145936131477356,4.372018814086914,31.505041122436523,56.57056427001953,7.552373886108398,7.5279388427734375,28.06725311279297,54.03583526611328,10.368973731994629
2048.0,0.0033014249931759463,sgd,1.0,0.00796521554849049,l2,0.6259789482966585,64.0,27669.0,0.5552995204925537,0.5649966597557068,0.5462374091148376,0.47533631324768066,0.1429263949394226,0.19961395859718323,0.22656916081905365,0.28115737438201904,6.513549327850342,39.059207916259766,49.01639938354492,5.410843372344971,8.507052421569824,34.110469818115234,47.99261474609375,9.389860153198242
8192.0,0.0024337870322264513,sgd,3.0,0.0008706479528566927,l1,0.0513535852038384,128.0,86741.0,0.36194679141044617,0.42131978273391724,0.7057027220726013,0.6322869658470154,0.1224704384803772,0.18075764179229736,0.20871871709823608,0.2811421751976013,8.41507625579834,60.29600524902344,27.77960205078125,3.5093166828155518,11.315984725952148,51.28709411621094,30.815994262695312,6.58092737197876
8192.0,2.511892703415506e-05,sgd,0.0,0.016960551942223675,l2,0.40617380040905293,1024.0,2026.0,0.5598787069320679,0.5262735486030579,0.5827366709709167,0.5168161392211914,0.1511087417602539,0.19279828667640686,0.23998646438121796,0.2808317244052887,6.9487810134887695,39.036521911621094,49.039085388183594,4.975611686706543,9.24941349029541,38.72514724731445,43.3779411315918,8.647499084472656
8192.0,0.0001021956497296253,adam,0.0,0.005912238073365147,l1,0.7697609001446545,512.0,2026.0,0.6604118347167969,0.6949499249458313,0.6510789394378662,0.33273541927337646,0.20669156312942505,0.24288052320480347,0.31377243995666504,0.2807942032814026,7.763720989227295,29.798145294189453,58.277462005615234,4.160671710968018,5.954936504364014,18.563030242919922,63.54005813598633,11.941975593566895
512.0,0.013151454931430316,adam,1.0,0.0007884590403455463,l1,0.03884703943028711,1024.0,418389.0,0.6627641320228577,0.5982223749160767,0.5214039087295532,0.4369955062866211,0.18161524832248688,0.2062324732542038,0.26939454674720764,0.28021952509880066,6.2174248695373535,28.016620635986328,60.05898666381836,5.706967830657959,7.820870399475098,30.101722717285156,52.001365661621094,10.076042175292969
2048.0,2.333134950186392e-05,sgd,2.0,0.0015245581509700599,l2,0.3765033779205289,32.0,15701.0,0.521095871925354,0.48209306597709656,0.49907374382019043,0.5631166100502014,0.12432338297367096,0.1864582896232605,0.19905909895896912,0.28015244007110596,5.951151371002197,41.91716766357422,46.15843963623047,5.973241329193115,10.078047752380371,43.971832275390625,38.131256103515625,7.818863868713379
8192.0,0.03733716498608164,sgd,1.0,0.0005189482186049053,l2,0.5495594887663536,64.0,27669.0,0.5402066707611084,0.5656186938285828,0.4512091279029846,0.4713004529476166,0.12005595117807388,0.1988835334777832,0.18965011835098267,0.27972546219825745,5.38039493560791,39.435333251953125,48.64027404785156,6.543997764587402,8.434823036193848,33.976043701171875,48.127044677734375,9.462089538574219
8192.0,0.0019403179899085898,sgd,3.0,0.004227870860158641,l2,0.48221548575142165,512.0,735317.0,0.4941402077674866,0.6034188866615295,0.5310669541358948,0.4302690625190735,0.12337881326675415,0.20721304416656494,0.20023755729198456,0.2797167897224426,6.332650661468506,44.994239807128906,43.08136749267578,5.591742038726807,7.7004876136779785,29.461688995361328,52.64139938354492,10.19642448425293
512.0,0.0018915398677193506,adam,2.0,0.00022581672834584728,l2,0.37779619486089333,256.0,171605.0,0.7993814945220947,0.6443490386009216,0.7906173467636108,0.3856502175331116,0.3492656946182251,0.21930383145809174,0.4844975471496582,0.2796061336994171,9.427631378173828,17.56509017944336,70.51051330566406,2.4967610836029053,6.901947975158691,24.570133209228516,57.532955169677734,10.994963645935059
512.0,5.645317448980262e-05,sgd,1.0,0.00022216443769151976,l1,0.5447120323265808,64.0,27669.0,0.47686824202537537,0.4233663082122803,0.5963550806045532,0.624775767326355,0.13021470606327057,0.1799715757369995,0.21375536918640137,0.2794460654258728,7.111172199249268,47.49995422363281,40.575653076171875,4.813220500946045,11.181557655334473,50.94801330566406,31.155073165893555,6.715354919433594
2048.0,0.0009398188923220266,adam,0.0,0.00319366058071404,l2,0.061685589011132885,1024.0,2026.0,0.6604894399642944,0.6367849707603455,0.6516797542572021,0.39293721318244934,0.20684613287448883,0.21645155549049377,0.3140203058719635,0.27913784980773926,7.770885467529297,29.797548294067383,58.27805709838867,4.153507232666016,7.032362937927246,25.456953048706055,56.64613342285156,10.86454963684082
2048.0,0.002527646432826397,sgd,0.0,0.00958360980618639,l2,0.1985730968645185,1024.0,2026.0,0.5991510152816772,0.5352420806884766,0.6015620827674866,0.5025784969329834,0.16875474154949188,0.19314950704574585,0.26357030868530273,0.2790534496307373,7.173262596130371,35.33376693725586,52.74184036254883,4.751130104064941,8.994603157043457,37.573482513427734,44.529605865478516,8.90230941772461
8192.0,0.009941575954116494,sgd,2.0,0.0014634452008565888,l1,0.3869792959362075,64.0,31829.0,0.4671068787574768,0.4856242835521698,0.5410304069519043,0.5560538172721863,0.11888181418180466,0.18620716035366058,0.19493070244789124,0.2789883017539978,6.451458930969238,47.81637954711914,40.25922775268555,5.472933769226074,9.951645851135254,43.492305755615234,38.610782623291016,7.945265769958496
8192.0,0.001977119035156238,sgd,0.0,0.000188564663999109,l1,0.23998893092286577,64.0,2026.0,0.481292188167572,0.4235067367553711,0.47629299759864807,0.6230941414833069,0.11069994419813156,0.17970189452171326,0.17964617908000946,0.2789526879787445,5.679504871368408,45.625892639160156,42.44971466064453,6.244887828826904,11.151461601257324,50.903873443603516,31.1992130279541,6.745450496673584
8192.0,0.01575983898708249,adam,0.0,0.057417397416153315,l1,0.30360507814281346,512.0,2026.0,0.6560654640197754,0.6789189577102661,0.6477745175361633,0.3463004529476166,0.20371274650096893,0.23293869197368622,0.3099512457847595,0.2785261869430542,7.72431755065918,30.193376541137695,57.88222885131836,4.200075149536133,6.197708606719971,20.40890121459961,61.69418716430664,11.699203491210938
2048.0,0.0006457866468525972,adam,3.0,0.005738560648348658,l1,0.20219501636424309,32.0,16757.0,0.6505131721496582,0.6286190152168274,0.52560955286026,0.39977577328681946,0.17625626921653748,0.2132520079612732,0.26398733258247375,0.2781369686126709,6.267574787139893,29.291868209838867,58.78374099731445,5.65681791305542,7.154752254486084,26.395938873291016,55.707149505615234,10.742159843444824
8192.0,7.60441619024454e-05,adam,2.0,0.011017210869882759,l2,0.2152594125338732,1024.0,1467989.0,0.8189877867698669,0.7239621877670288,0.8224602937698364,0.2968609929084778,0.3802546262741089,0.26129859685897827,0.5200635194778442,0.2779463827610016,9.807339668273926,15.984167098999023,72.09143829345703,2.1170527935028076,5.312894821166992,15.019762992858887,67.08332824707031,12.584016799926758
512.0,0.0029363606268627703,sgd,3.0,0.0011918803598575454,l2,0.3528161573302259,1024.0,2517589.0,0.5629653334617615,0.6188880801200867,0.5495418906211853,0.409192830324173,0.14599433541297913,0.21007193624973297,0.23069937527179718,0.2776188552379608,6.552953243255615,38.33203125,49.74357604980469,5.371439456939697,7.3232879638671875,27.537569046020508,54.56551742553711,10.573623657226562
512.0,8.035113780974162e-05,adam,2.0,0.0018483901511784525,l1,0.6190313400033212,128.0,70229.0,0.7064245939254761,0.6554242372512817,0.6621939539909363,0.3698430359363556,0.2376554310321808,0.22212496399879456,0.34977811574935913,0.2775529623031616,7.896260738372803,25.329408645629883,62.74619674682617,4.02813196182251,6.619048595428467,23.179712295532227,58.923377990722656,11.277863502502441
512.0,0.00037983242780694566,sgd,3.0,0.00015009124104243217,l2,0.10054665784778179,64.0,35989.0,0.5690430402755737,0.5170843005180359,0.40609824657440186,0.5180492997169495,0.11852468550205231,0.18945512175559998,0.1834939867258072,0.2774454951286316,4.842474937438965,36.01377868652344,52.06182861328125,7.081917762756348,9.271483421325684,39.6661376953125,42.43695068359375,8.625429153442383
2048.0,0.00010756782814886141,sgd,3.0,0.011856639671851311,l2,0.2687227295458179,256.0,237397.0,0.5938972234725952,0.6330130100250244,0.5484403967857361,0.3917040228843689,0.15658414363861084,0.21358273923397064,0.243614062666893,0.2764345407485962,6.53981876373291,35.225704193115234,52.84990310668945,5.384573936462402,7.0102925300598145,25.812082290649414,56.2910041809082,10.886619567871094
8192.0,0.021795856738018295,sgd,2.0,0.012843272795443235,l2,0.49602696698212867,512.0,472661.0,0.5427917838096619,0.5890732407569885,0.5455865263938904,0.4372197389602661,0.13898880779743195,0.2014358788728714,0.221539705991745,0.2758031189441681,6.505788326263428,40.302215576171875,47.77339172363281,5.418604373931885,7.824882984161377,31.020645141601562,51.08244323730469,10.072029113769531
512.0,0.0001634835439790596,sgd,3.0,0.005847992055321063,l1,0.3841815784140823,1024.0,2517589.0,0.6403995156288147,0.6378684043884277,0.5661142468452454,0.3850896954536438,0.17983871698379517,0.21470092236995697,0.27296391129493713,0.27569279074668884,6.750568866729736,30.786222457885742,57.28938293457031,5.173823833465576,6.891916275024414,25.208162307739258,56.89492416381836,11.004996299743652
8192.0,0.08298884288299342,adam,0.0,0.00027865380801941143,l1,0.45022042473201485,32.0,2026.0,0.6222081780433655,0.5876888632774353,0.583687961101532,0.43822869658470154,0.17498724162578583,0.20099753141403198,0.26925307512283325,0.27559179067611694,6.960124492645264,32.81491470336914,55.26069259643555,4.964268207550049,7.842940330505371,31.177143096923828,50.92594528198242,10.053971290588379
8192.0,3.031384401729721e-05,sgd,2.0,0.033055332460550084,l1,0.009553857899431684,256.0,171605.0,0.6509071588516235,0.5899360179901123,0.5844890475273132,0.4347533583641052,0.18875612318515778,0.20120368897914886,0.2853577435016632,0.27509355545043945,6.969676971435547,29.954566955566406,58.12104034423828,4.954715728759766,7.780742645263672,30.890230178833008,51.21285629272461,10.116168975830078
2048.0,1.8496642489603e-05,adam,0.0,0.024134413669296285,l1,0.5145911683932758,64.0,2026.0,0.6502086520195007,0.6505286693572998,0.6428177952766418,0.36950671672821045,0.199692040681839,0.2184228003025055,0.30472153425216675,0.2745518088340759,7.6652116775512695,30.719953536987305,57.355655670166016,4.259180545806885,6.613029479980469,23.663249969482422,58.43983840942383,11.283883094787598
8192.0,0.00024406998833324648,sgd,0.0,0.00418415658158383,l2,0.2398913607588721,32.0,2026.0,0.5277467370033264,0.5310086011886597,0.5616081953048706,0.4958520233631134,0.13752728700637817,0.18982018530368805,0.22094812989234924,0.27454105019569397,6.696836471557617,41.99776840209961,46.07783889770508,5.227556228637695,8.87421989440918,37.87644577026367,44.22664260864258,9.02269172668457
512.0,0.00014493830312517408,adam,2.0,0.018375776135121806,l2,0.4946879390373717,32.0,15701.0,0.6833555102348328,0.6338155269622803,0.5946027040481567,0.38632285594940186,0.20902562141418457,0.2124144732952118,0.3093147575855255,0.27411162853240967,7.09027624130249,26.830331802368164,61.245277404785156,4.834116458892822,6.913986682891846,25.635520935058594,56.467567443847656,10.982925415039062
8192.0,0.021815071878521945,sgd,1.0,0.04800388571012847,l1,0.4363943690686325,1024.0,418389.0,0.6150617599487305,0.6432656049728394,0.479697585105896,0.37376680970191956,0.15049085021018982,0.21470890939235687,0.22910602390766144,0.2727416753768921,5.720102310180664,32.28953170776367,55.786075592041016,6.204290390014648,6.689271926879883,24.465801239013672,57.63728713989258,11.207640647888184
512.0,0.0004120712185464482,sgd,0.0,0.0011362628701248277,l2,0.005120993791583307,128.0,2026.0,0.5586786866188049,0.5830541253089905,0.5743753910064697,0.4344170391559601,0.14919821918010712,0.19759318232536316,0.23686785995960236,0.27163392305374146,6.8490777015686035,39.056819915771484,49.0187873840332,5.075314998626709,7.774723529815674,31.57240104675293,50.53068923950195,10.122188568115234
2048.0,0.0012775246587215135,adam,1.0,0.04804084415591033,l2,0.2888718146667591,256.0,105813.0,0.7216188907623291,0.5784595012664795,0.5271115899085999,0.43822869658470154,0.22066190838813782,0.1963532269001007,0.3110923171043396,0.2711942493915558,6.285485744476318,22.199203491210938,65.87640380859375,5.638906955718994,7.842940330505371,32.10007858276367,50.00300979614258,10.053971290588379
8192.0,0.06174530821382734,sgd,0.0,0.0019074904013655764,l2,0.6361762353741981,512.0,2026.0,0.5153644680976868,0.493850439786911,0.5462374091148376,0.5260089635848999,0.13141095638275146,0.18263204395771027,0.21185463666915894,0.27112728357315063,6.513549327850342,43.052711486816406,45.02289581298828,5.410843372344971,9.413936614990234,42.131980895996094,39.971107482910156,8.482975959777832
8192.0,1.3767457468758847e-05,sgd,2.0,0.009744858230904607,l2,0.0944536841704978,1024.0,1467989.0,0.6037481427192688,0.6061877012252808,0.5624092817306519,0.409192830324173,0.1631186157464981,0.20268769562244415,0.2528897821903229,0.27109283208847046,6.7063889503479,34.40718460083008,53.66842269897461,5.218003749847412,7.3232879638671875,28.807607650756836,53.29547882080078,10.573623657226562
512.0,2.4039387440885413e-05,sgd,1.0,0.00305540400954086,l2,0.6004899929082249,64.0,27669.0,0.5705415606498718,0.6120262145996094,0.5638111233711243,0.4028026759624481,0.1511908918619156,0.2041129320859909,0.23844124376773834,0.27093419432640076,6.723105430603027,37.74455642700195,50.331050872802734,5.201287269592285,7.208924293518066,28.10938835144043,53.99369812011719,10.687987327575684
512.0,1.3863681142991864e-05,adam,1.0,0.00013441395184078602,l2,0.624634946092586,256.0,105813.0,0.7648495435714722,0.6679239869117737,0.7447053790092468,0.34439462423324585,0.3025507628917694,0.22301270067691803,0.430288165807724,0.2707199454307556,8.880159378051758,20.470813751220703,67.60478973388672,3.044233560562134,6.163600444793701,21.474288940429688,60.62879943847656,11.733311653137207
512.0,0.004754895164800268,adam,1.0,0.004770223145781297,l2,0.6030304911425497,256.0,105813.0,0.7128844261169434,0.6521739363670349,0.5295649170875549,0.36042600870132446,0.21466553211212158,0.21655665338039398,0.3054945766925812,0.2705540955066681,6.314740180969238,23.101905822753906,64.97370147705078,5.609652519226074,6.450512409210205,23.33620834350586,58.76688003540039,11.446399688720703
8192.0,6.773814867222444e-05,sgd,2.0,0.00016056929958918606,l2,0.3743493051023419,512.0,472661.0,0.5177286863327026,0.5127103924751282,0.5393781661987305,0.503923773765564,0.1308164894580841,0.18454653024673462,0.21056406199932098,0.2701561748981476,6.431756973266602,42.7344970703125,45.34111022949219,5.492635726928711,9.01867961883545,39.85072708129883,42.25236129760742,8.878232955932617
8192.0,0.023992505707471575,sgd,3.0,0.026270122564164826,l2,0.4401672676408895,1024.0,2517589.0,0.537908136844635,0.6545615196228027,0.5807340145111084,0.3567264676094055,0.14386534690856934,0.21703840792179108,0.23060297966003418,0.2698778212070465,6.924900054931641,41.209693908691406,46.86591339111328,4.999492645263672,6.384302139282227,23.031238555908203,59.07184982299805,11.51261043548584
2048.0,2.301196764767136e-05,sgd,1.0,0.0014840059882784999,l2,0.032841803593882356,64.0,27669.0,0.39062193036079407,0.3983868658542633,0.7184198498725891,0.620851993560791,0.12951062619686127,0.17230328917503357,0.21945878863334656,0.2697446644306183,8.566720962524414,57.580135345458984,30.495471954345703,3.3576719760894775,11.111333847045898,53.375736236572266,28.727352142333984,6.78557825088501
2048.0,0.00046667698302322783,adam,1.0,0.010424731629412608,l1,0.7419711663795608,256.0,105813.0,0.695296049118042,0.6446499824523926,0.4850548207759857,0.36625561118125916,0.19206978380680084,0.21318107843399048,0.2751760482788086,0.26949840784072876,5.783984184265137,24.329988479614258,63.74562072753906,6.140408515930176,6.554844379425049,24.192934036254883,57.910152435302734,11.34206771850586
512.0,0.00013889438026830025,sgd,2.0,0.017667478837026396,l1,0.18007947384024395,1024.0,1467989.0,0.7121918797492981,0.6612226963043213,0.6743603944778442,0.3487668037414551,0.24412745237350464,0.2192852646112442,0.35847988724708557,0.26926857233047485,8.041337966918945,24.89775848388672,63.17784881591797,3.883054733276367,6.241848945617676,22.222667694091797,59.88042068481445,11.655062675476074
512.0,0.00027396061214647453,adam,3.0,0.005470645762947715,l2,0.2688081613853294,512.0,735317.0,0.7301265001296997,0.6731606721878052,0.7285335063934326,0.3364349901676178,0.2678163945674896,0.22442416846752167,0.3916556239128113,0.26924410462379456,8.6873197555542,23.750276565551758,64.32533264160156,3.2370729446411133,6.02114725112915,20.808170318603516,61.294918060302734,11.875764846801758
8192.0,0.0001797217696868492,sgd,2.0,0.0011424795165308874,l2,0.5989892229349242,512.0,472661.0,0.5053821802139282,0.5319114923477173,0.5018274784088135,0.48105379939079285,0.12087554484605789,0.18663012981414795,0.19482344388961792,0.2689266502857208,5.983987808227539,43.52137756347656,44.554229736328125,5.940404891967773,8.60937786102295,37.52131652832031,44.58177185058594,9.287534713745117
2048.0,0.09296659213639476,sgd,1.0,0.012492397756046474,l2,0.6467009496731724,256.0,105813.0,0.6826987862586975,0.6438875794410706,0.5410804748535156,0.365695059299469,0.19725121557712555,0.21246661245822906,0.2891075611114502,0.2687755227088928,6.452055931091309,26.257783889770508,61.81782531738281,5.472336769104004,6.5448126792907715,24.259143829345703,57.84394454956055,11.352099418640137
512.0,0.01570495072096316,adam,1.0,0.0023789841831629624,l2,0.5337771386029719,128.0,53717.0,0.7012423872947693,0.6087558269500732,0.5752265453338623,0.40145739912986755,0.21658560633659363,0.2018374502658844,0.31468480825424194,0.268621563911438,6.859227180480957,24.81059455871582,63.2650146484375,5.0651655197143555,7.184847831726074,28.412351608276367,53.69073486328125,10.712064743041992
512.0,0.002282122512975232,sgd,2.0,0.03984589545030941,l2,0.6571846864225402,128.0,70229.0,0.6995946168899536,0.6547220349311829,0.5359234809875488,0.35257846117019653,0.20683258771896362,0.2157212495803833,0.29847294092178345,0.26767048239707947,6.390562057495117,24.5067081451416,63.56890106201172,5.533830642700195,6.310066223144531,22.94095230102539,59.16213607788086,11.586846351623535
2048.0,0.049220732175873444,sgd,3.0,0.00020609326064503807,l2,0.4189971029045019,512.0,735317.0,0.4783787131309509,0.6069300174713135,0.5299153923988342,0.4011210799217224,0.11950545012950897,0.20070679485797882,0.1950281709432602,0.26754358410835266,6.3189191818237305,46.55665588378906,41.518951416015625,5.605473518371582,7.178828716278076,28.588912963867188,53.51417541503906,10.718083381652832
512.0,4.1414710246051507e-05,adam,2.0,0.00011385738990287758,l2,0.648697099887122,1024.0,1467989.0,0.8021277785301208,0.6821893453598022,0.8070394992828369,0.32331839203834534,0.35498151183128357,0.22730138897895813,0.4930786192417145,0.2669377028942108,9.623456001281738,17.486284255981445,70.58932495117188,2.300936698913574,5.78640079498291,19.67055320739746,62.43253707885742,12.110511779785156
512.0,0.0034792397880290147,adam,0.0,0.024849452341406,l2,0.025967304955392036,1024.0,2026.0,0.6407219171524048,0.6543809175491333,0.6316527128219604,0.3513453006744385,0.19279612600803375,0.21504049003124237,0.2954217195510864,0.26679104566574097,7.53207540512085,31.535490036010742,56.54011535644531,4.392317295074463,6.2879958152771,22.95298957824707,59.15009689331055,11.608916282653809
512.0,0.0006062811495186247,sgd,1.0,0.08529596130459874,l2,0.17855662419733662,1024.0,418389.0,0.7963366508483887,0.6831724643707275,0.7806538939476013,0.32152464985847473,0.34401199221611023,0.22749266028404236,0.4775712788105011,0.26645559072494507,9.308823585510254,17.750764846801758,70.32484436035156,2.6155693531036377,5.754298686981201,19.540138244628906,62.562950134277344,12.142613410949707
8192.0,3.6165925811892526e-05,sgd,2.0,0.02232435604645918,l2,0.6416695742244359,1024.0,1467989.0,0.5514069199562073,0.6331333518028259,0.5451859831809998,0.37186098098754883,0.14152035117149353,0.20732545852661133,0.22470973432064056,0.2662220895290375,6.501011848449707,39.43592834472656,48.639678955078125,5.4233808517456055,6.655163288116455,25.444915771484375,56.658172607421875,11.241748809814453
8192.0,0.01611778907111479,adam,2.0,0.00012352929109095732,l1,0.5196369084203987,32.0,15701.0,0.48939982056617737,0.34864869713783264,0.5043809413909912,0.6585201621055603,0.11755096167325974,0.1664399802684784,0.19066515564918518,0.26571938395500183,6.0144362449646,45.150062561035156,42.92554473876953,5.909956455230713,11.785477638244629,59.02369689941406,23.07939338684082,6.111434459686279
512.0,0.0064813409286224285,sgd,2.0,0.0937158056361943,l2,0.32205968682401337,256.0,171605.0,0.7300608158111572,0.6764510869979858,0.6895308494567871,0.32656949758529663,0.26090744137763977,0.2235267013311386,0.378569632768631,0.26539674401283264,8.222236633300781,23.29176139831543,64.78384399414062,3.702155828475952,5.84458589553833,20.302562713623047,61.8005256652832,12.052326202392578
2048.0,2.4519993985728815e-05,sgd,1.0,0.005305386068536705,l1,0.24039690980284611,1024.0,418389.0,0.6224887371063232,0.5986637473106384,0.5890452265739441,0.4034753441810608,0.17615176737308502,0.1968710720539093,0.27120134234428406,0.26462218165397644,7.024006366729736,32.850738525390625,55.22486877441406,4.900386333465576,7.2209625244140625,29.45767593383789,52.64541244506836,10.675949096679688
512.0,0.000859995163915135,sgd,2.0,0.014065555421989279,l2,0.7710307336446657,1024.0,1467989.0,0.6218022108078003,0.6839750409126282,0.5471886992454529,0.31737667322158813,0.16754047572612762,0.22660690546035767,0.2565338909626007,0.2644183337688446,6.524892807006836,32.42028045654297,55.65532684326172,5.399499893188477,5.680062770843506,19.38564682006836,62.71744155883789,12.216849327087402
512.0,4.191971387823167e-05,sgd,3.0,0.001647859574272332,l1,0.21580465611989752,1024.0,2517589.0,0.6085541844367981,0.6529965400695801,0.558153510093689,0.34607622027397156,0.16420921683311462,0.2121795266866684,0.2537612318992615,0.2630699574947357,6.655641555786133,33.875831604003906,54.19977569580078,5.26875114440918,6.193696022033691,22.99713134765625,59.10595703125,11.703216552734375
2048.0,4.343811022711398e-05,adam,2.0,0.0007873246980139064,l2,0.6791928979892602,128.0,70229.0,0.7664077281951904,0.6768524050712585,0.7498122453689575,0.32163676619529724,0.3049791157245636,0.22199009358882904,0.4335963726043701,0.2626803517341614,8.941055297851562,20.375886917114258,67.69972229003906,2.983336925506592,5.75630521774292,20.17415428161621,61.928932189941406,12.140606880187988
2048.0,0.00038811453494481664,sgd,3.0,0.00023932618860823446,l2,0.7675392640353151,32.0,16757.0,0.48985952138900757,0.524387538433075,0.5164972543716431,0.47275784611701965,0.11980582028627396,0.18161849677562714,0.1944962441921234,0.26242220401763916,6.158916473388672,45.248573303222656,42.82703399658203,5.765476226806641,8.460906028747559,38.12523651123047,43.977848052978516,9.436006546020508
2048.0,0.0001600961311711273,adam,2.0,0.004439859391203502,l1,0.4800731331618316,32.0,15701.0,0.6802031993865967,0.6573503613471985,0.6310018301010132,0.3390134572982788,0.21434402465820312,0.21286779642105103,0.31999048590660095,0.2615233361721039,7.524313926696777,27.579599380493164,60.496009826660156,4.400078773498535,6.067294120788574,22.435344696044922,59.66774368286133,11.829618453979492
8192.0,6.784035591211891e-05,sgd,0.0,0.054503370964485875,l1,0.6554257449341983,256.0,2026.0,0.6176409125328064,0.6079934239387512,0.5928002595901489,0.3850896954536438,0.17475757002830505,0.19642040133476257,0.2699371874332428,0.26014798879623413,7.068783283233643,33.38029861450195,54.695308685302734,4.85560941696167,6.891916275024414,28.195661544799805,53.90742492675781,11.004996299743652
512.0,0.0014669288559102864,sgd,1.0,0.0005484582685106948,l1,0.6559816377209826,32.0,14645.0,0.5908165574073792,0.6593165993690491,0.43653932213783264,0.3331838548183441,0.13210205733776093,0.212225079536438,0.20282605290412903,0.2592910826206207,5.205466270446777,34.19941711425781,53.876190185546875,6.718926429748535,5.9629621505737305,22.134387969970703,59.96870040893555,11.933950424194336
8192.0,1.1902656458469825e-05,sgd,1.0,0.006034468096672743,l1,0.20729037513266244,128.0,53717.0,0.5660519003868103,0.5514335632324219,0.5180994272232056,0.4385650157928467,0.1409655660390854,0.18399886786937714,0.221629336476326,0.25923553109169006,6.17802095413208,37.648433685302734,50.42717361450195,5.746371746063232,7.848959922790527,34.808692932128906,47.294395446777344,10.047952651977539
2048.0,0.00018106685882316806,adam,2.0,0.000131480286042281,l1,0.6294879614268757,128.0,70229.0,0.6913318037986755,0.6559057831764221,0.5600560903549194,0.33598655462265015,0.20676524937152863,0.21070022881031036,0.3020259737968445,0.2589867413043976,6.678328514099121,25.620758056640625,62.45484924316406,5.246064186096191,6.013121604919434,22.525630950927734,59.577457427978516,11.883790016174316
8192.0,0.002976501885032052,sgd,1.0,0.005405507114903782,l2,0.3130544585676651,64.0,27669.0,0.5349588394165039,0.5575329661369324,0.5413808822631836,0.43060538172721863,0.13593392074108124,0.18453039228916168,0.21730491518974304,0.25834834575653076,6.4556379318237305,41.035362243652344,47.040245056152344,5.468754768371582,7.706506729125977,34.056297302246094,48.04678726196289,10.19040584564209
8192.0,0.024728985382598212,sgd,1.0,0.0003204666873588735,l1,0.7856613100308274,64.0,27669.0,0.5099494457244873,0.5785397291183472,0.5216542482376099,0.40986546874046326,0.1256103366613388,0.18847304582595825,0.2024676352739334,0.2582099139690399,6.220409870147705,43.30107498168945,44.774532318115234,5.703982830047607,7.335326194763184,31.58443832397461,50.51865005493164,10.561585426330566
2048.0,0.008801184924860072,adam,2.0,0.0018306452515226585,l2,0.7492184737860682,1024.0,1467989.0,0.6742687821388245,0.6698300838470459,0.5842387080192566,0.3207399249076843,0.20145362615585327,0.21579423546791077,0.29960036277770996,0.2580029368400574,6.966691970825195,27.615419387817383,60.46018600463867,4.957700729370117,5.740253925323486,20.860336303710938,61.24275207519531,12.156658172607422
8192.0,5.475713696296591e-05,sgd,0.0,0.00031798813973048684,l2,0.42190431923841026,64.0,2026.0,0.5160450339317322,0.5344395041465759,0.5247583985328674,0.451345294713974,0.12773917615413666,0.18024712800979614,0.20546314120292664,0.2576141357421875,6.257425308227539,42.7285270690918,45.34708023071289,5.666967391967773,8.07768726348877,36.73682403564453,45.36626434326172,9.819225311279297
2048.0,0.0010104416011775075,adam,2.0,0.00013193311178666083,l1,0.3546798209205657,64.0,31829.0,0.7083649039268494,0.6762304306030273,0.393180787563324,0.3102017939090729,0.17615127563476562,0.21700258553028107,0.24329975247383118,0.2553638219833374,4.688442230224609,21.92755699157715,66.1480484008789,7.235950469970703,5.55165433883667,20.031700134277344,62.071388244628906,12.345257759094238
512.0,0.021944687642050983,adam,1.0,0.0007150638793311827,l1,0.21858055777034552,512.0,210005.0,0.615306556224823,0.605023980140686,0.49486806988716125,0.37477579712867737,0.15388447046279907,0.1915539801120758,0.23476561903953552,0.2535260319709778,5.9010009765625,32.445953369140625,55.62965393066406,6.023391246795654,6.707329273223877,28.308019638061523,53.795066833496094,11.189582824707031
8192.0,0.004113645074552798,adam,1.0,0.0015649098535656467,l2,0.09527474979765788,1024.0,418389.0,0.7632136940956116,0.69085693359375,0.743203341960907,0.2927130162715912,0.30063188076019287,0.2229718118906021,0.42809516191482544,0.25312602519989014,8.862248420715332,20.61648941040039,67.45912170410156,3.0621442794799805,5.238658905029297,18.256053924560547,63.8470344543457,12.65825366973877
2048.0,5.201958320650798e-05,adam,1.0,0.010725573022396144,l1,0.6931177102906529,32.0,14645.0,0.7482283115386963,0.7071086168289185,0.5172983407974243,0.2766816020011902,0.24105268716812134,0.2325230836868286,0.328860878944397,0.25268712639808655,6.168468475341797,19.42124366760254,68.65436553955078,5.755924224853516,4.951746463775635,16.34397315979004,65.75911712646484,12.945165634155273
512.0,0.06626486025300142,adam,0.0,0.026818432288542294,l1,0.7111008986975329,64.0,2026.0,0.6399338245391846,0.6958729028701782,0.6297501921653748,0.2826233208179474,0.19205105304718018,0.22349290549755096,0.2943389117717743,0.24960346519947052,7.509388446807861,31.591609954833984,56.4839973449707,4.415004253387451,5.058084487915039,17.573884963989258,64.52920532226562,12.838827133178711
512.0,0.0003540683535794813,adam,3.0,0.0005787699593107058,l1,0.37031141908260495,128.0,86741.0,0.7150576114654541,0.7225978374481201,0.49361637234687805,0.2548206150531769,0.20768031477928162,0.24047820270061493,0.29235631227493286,0.24744124710559845,5.886075496673584,22.45592498779297,65.61968231201172,6.0383172035217285,4.560502529144287,14.403803825378418,67.69928741455078,13.336409568786621
8192.0,0.041836718630528416,adam,1.0,0.003649453889502312,l2,0.5945416443821626,512.0,210005.0,0.685737669467926,0.7373046278953552,0.6240424513816833,0.23800449073314667,0.2164151966571808,0.2521677017211914,0.32137754559516907,0.24488097429275513,7.441327095031738,26.94316864013672,61.13243865966797,4.483065605163574,4.25954532623291,12.632170677185059,69.47091674804688,13.637367248535156
8192.0,0.000328932015625386,adam,2.0,0.0010991822444469414,l1,0.20065734326010728,64.0,31829.0,0.6810092329978943,0.6820690035820007,0.6330045461654663,0.2876681685447693,0.21522563695907593,0.21280477941036224,0.32123035192489624,0.24463675916194916,7.548194885253906,27.52288055419922,60.55272674560547,4.376197814941406,5.148371696472168,19.0445613861084,63.05852508544922,12.748539924621582
512.0,0.00010241076992364427,adam,3.0,0.026592421452595754,l2,0.43310212158798456,512.0,735317.0,0.6443160176277161,0.6074516773223877,0.58964604139328,0.35515695810317993,0.18647180497646332,0.1865614503622055,0.2833389937877655,0.2446233034133911,7.031170845031738,30.6751766204834,57.40043258666992,4.893221855163574,6.356212615966797,27.714130401611328,54.38895797729492,11.540699005126953
8192.0,0.0023043312356377716,adam,2.0,0.0001588534720563906,l2,0.015793109918467697,512.0,472661.0,0.7575061321258545,0.7304027080535889,0.7282330989837646,0.24136771261692047,0.29245585203170776,0.24402131140232086,0.41731777787208557,0.24268676340579987,8.683737754821777,21.00873374938965,67.0668716430664,3.240654945373535,4.319736957550049,13.382556915283203,68.72052764892578,13.57717514038086
512.0,0.000376497905596765,sgd,1.0,0.0001914620352451905,l1,0.6771226967732106,256.0,105813.0,0.5589771866798401,0.6348588466644287,0.4763430655002594,0.32410314679145813,0.13046281039714813,0.19195272028446198,0.2048264741897583,0.24110707640647888,5.6801018714904785,37.85799026489258,50.21761703491211,6.244290828704834,5.800445556640625,24.417648315429688,57.68544006347656,12.096467018127441
8192.0,0.07571571328170437,adam,2.0,0.00044216036502815574,l2,0.5294675431002794,128.0,70229.0,0.5792402029037476,0.702955424785614,0.525759756565094,0.25818386673927307,0.1468568593263626,0.21952149271965027,0.22958490252494812,0.23728764057159424,6.2693657875061035,36.42095184326172,51.65465545654297,5.655026435852051,4.620693683624268,16.428241729736328,65.67484283447266,13.27621841430664
2048.0,0.00011701162333636888,adam,3.0,0.0012678071471879232,l2,0.19333001576897485,64.0,35989.0,0.8251311779022217,0.706366240978241,0.8341761231422424,0.2551569640636444,0.3907455503940582,0.2216811180114746,0.5321978330612183,0.23724347352981567,9.947043418884277,15.50953197479248,72.56607818603516,1.977348804473877,4.566521644592285,16.03298568725586,66.07010650634766,13.330390930175781
512.0,0.0003318340580305051,adam,1.0,0.0010536403461739994,l2,0.061321309630760636,512.0,210005.0,0.8496211767196655,0.6529965400695801,0.8536524176597595,0.2996636629104614,0.43367671966552734,0.1948108673095703,0.5751581192016602,0.2361198216676712,10.17928695678711,13.29277515411377,74.78282928466797,1.7451058626174927,5.363054275512695,22.166488647460938,59.93659973144531,12.533857345581055
8192.0,0.00044564037567582516,sgd,1.0,0.0001395057248855905,l1,0.6105554432373745,1024.0,418389.0,0.5515382289886475,0.5838566422462463,0.3918289542198181,0.35874438285827637,0.11054453253746033,0.17562153935432434,0.17243929207324982,0.23580516874790192,4.6723222732543945,37.5941047668457,50.481502532958984,7.25206995010376,6.420416831970215,30.13783836364746,51.965248107910156,11.476494789123535
512.0,0.0031740981380837126,adam,1.0,0.022833361135300063,l1,0.02420853225199764,256.0,105813.0,0.6806092262268066,0.6432254314422607,0.5312672257423401,0.30235424637794495,0.19382238388061523,0.18918350338935852,0.2840237617492676,0.23274028301239014,6.335038661956787,26.3497257232666,61.72588348388672,5.589354038238525,5.411207675933838,23.191749572753906,58.911338806152344,12.48570442199707
512.0,0.0002271865368699608,adam,2.0,0.01055273929808376,l2,0.7457499775149019,128.0,70229.0,0.6537251472473145,0.7015509605407715,0.5718219876289368,0.2474215179681778,0.1876324564218521,0.21284598112106323,0.28255078196525574,0.2288345843553543,6.818629741668701,29.5217227935791,58.55388641357422,5.105762958526611,4.428081512451172,16.376075744628906,65.72701263427734,13.468831062316895
512.0,0.001128425975438255,sgd,1.0,0.02416585007887584,l1,0.5602446884157025,1024.0,418389.0,0.6917318105697632,0.651150643825531,0.3868722915649414,0.2868834137916565,0.16400296986103058,0.1883695274591446,0.23035374283790588,0.22741565108299255,4.613216876983643,23.51564598083496,64.5599594116211,7.31117582321167,5.134326934814453,22.12234878540039,59.98073959350586,12.762584686279297
8192.0,2.7022470311731993e-05,adam,3.0,0.0012929091230349007,l1,0.37545611288241915,128.0,86741.0,0.79313063621521,0.7340743541717529,0.800981342792511,0.21782511472702026,0.34276777505874634,0.23637469112873077,0.48008841276168823,0.22672061622142792,9.551216125488281,18.31376075744629,69.76184844970703,2.3731768131256104,3.8983969688415527,12.594049453735352,69.50904083251953,13.998515129089355
8192.0,1.0825436595122084e-05,adam,1.0,0.0008939893163808916,l2,0.6277653415653971,512.0,210005.0,0.8009217977523804,0.7351577877998352,0.7973764538764954,0.21603138744831085,0.35215815901756287,0.23690681159496307,0.48854967951774597,0.2259875386953354,9.508230209350586,17.491657257080078,70.58395385742188,2.4161627292633057,3.8662948608398438,12.45360279083252,69.64948272705078,14.030617713928223
8192.0,0.011107920023551422,adam,2.0,0.007372979090822766,l2,0.2640332884693568,64.0,31829.0,0.6955826282501221,0.7413976192474365,0.6478245854377747,0.2071748822927475,0.22742292284965515,0.2410958856344223,0.3366590440273285,0.2228514701128006,7.72491455078125,26.24226188659668,61.83334732055664,4.1994781494140625,3.7077908515930176,11.671113967895508,70.43197631835938,14.18912124633789
8192.0,0.0001234973808956249,sgd,3.0,0.012819664460421619,l2,0.3790168113362231,32.0,16757.0,0.4879908263683319,0.6664994955062866,0.5578030347824097,0.26636770367622375,0.1265030801296234,0.1907820850610733,0.20623430609703064,0.22232571244239807,6.651462554931641,45.92798614501953,42.147621154785156,5.272930145263672,4.767159461975098,20.220300674438477,61.88278579711914,13.129752159118652
8192.0,0.0007430971910502972,adam,1.0,0.07523834635864513,l1,0.15720295352017716,512.0,210005.0,0.6751703023910522,0.7448887228965759,0.5796325206756592,0.19854259490966797,0.201027974486351,0.24137930572032928,0.29852208495140076,0.21787486970424652,6.9117655754089355,27.4703426361084,60.605262756347656,5.012627124786377,3.5532994270324707,11.167512893676758,70.93557739257812,14.343612670898438
512.0,0.011622497557933941,adam,0.0,0.08625577797561991,l2,0.5717262512858963,64.0,2026.0,0.6093959808349609,0.7354989051818848,0.598007321357727,0.20426009595394135,0.17225266993045807,0.23042874038219452,0.2674635052680969,0.21655623614788055,7.130874156951904,34.266883850097656,53.80872344970703,4.793518543243408,3.6556248664855957,12.208824157714844,69.8942642211914,14.241287231445312
512.0,5.227158938621649e-05,adam,1.0,0.029150797074213957,l2,0.24449830118940907,1024.0,418389.0,0.7493626475334167,0.7070484161376953,0.5796325206756592,0.22578474879264832,0.2563438415527344,0.20743639767169952,0.3554766774177551,0.21622151136398315,6.9117655754089355,20.051105499267578,68.02450561523438,5.012627124786377,4.040849685668945,15.439096450805664,66.66399383544922,13.856061935424805
2048.0,5.7491477870940825e-05,adam,3.0,0.0055500822249769715,l1,0.48500792351648664,128.0,86741.0,0.7270398736000061,0.7662165760993958,0.6953887939453125,0.15067264437675476,0.25948622822761536,0.24797047674655914,0.37794187664985657,0.1874472200870514,8.292088508605957,23.663707733154297,64.41190338134766,3.6323039531707764,2.696575164794922,8.178006172180176,73.92507934570312,15.200337409973145
8192.0,0.0006093089869143805,adam,1.0,0.053650204230436066,l2,0.17114991036739094,512.0,210005.0,0.7272130250930786,0.7829297184944153,0.6164822578430176,0.12735426425933838,0.2445773035287857,0.2723567485809326,0.3502136170864105,0.17355391383171082,7.3511762619018555,22.705480575561523,65.37012481689453,4.573216438293457,2.279247999191284,6.089364051818848,76.01372528076172,15.617664337158203
512.0,0.0006415862662031411,sgd,3.0,0.0023037027221562553,l2,0.7420937939979868,256.0,237397.0,0.4841519594192505,0.735819935798645,0.5367746353149414,0.1542600840330124,0.12200701236724854,0.19659951329231262,0.19882208108901978,0.17287468910217285,6.400711536407471,46.06112289428711,42.01448440551758,5.523681163787842,2.76077938079834,11.281876564025879,70.82121276855469,15.136133193969727
8192.0,7.110052048670072e-05,sgd,2.0,0.0012715223496772266,l2,0.09113032991418413,64.0,31829.0,0.7299354672431946,0.7460323572158813,0.19871826469898224,0.13531389832496643,0.11954819411039352,0.19619636237621307,0.14928582310676575,0.16016405820846558,2.3695945739746094,17.451656341552734,70.62395477294922,9.554798126220703,2.421700954437256,9.921550750732422,72.18153381347656,15.475211143493652
8192.0,1.0376140023538761e-05,adam,3.0,0.0054606943660544405,l1,0.5020212708299844,512.0,735317.0,0.7915365695953369,0.7809032797813416,0.7868121862411499,0.10627802461385727,0.3388752341270447,0.24332648515701294,0.47372108697891235,0.14793965220451355,9.382257461547852,18.304208755493164,69.77140045166016,2.542135000228882,1.9020484685897827,5.914809226989746,76.18827819824219,15.994863510131836
2048.0,0.0002753998480150848,adam,2.0,0.005019066613571,l1,0.6244488580284009,512.0,472661.0,0.7121142745018005,0.7901727557182312,0.46948379278182983,0.08688341081142426,0.19950638711452484,0.2509714961051941,0.28001868724823,0.12908023595809937,5.59830904006958,22.462491989135742,65.61311340332031,6.326083660125732,1.5549447536468506,4.6407575607299805,77.46233367919922,16.34196662902832
512.0,0.00035314190640537546,adam,3.0,0.00013643901013381195,l1,0.621884536815693,32.0,16757.0,0.7554344534873962,0.7983587980270386,0.32914435863494873,0.07735425978899002,0.1925656944513321,0.2749004065990448,0.2429770678281784,0.1207345649600029,3.9248464107513428,16.45701026916504,71.61859893798828,7.999546051025391,1.3844023942947388,3.6516120433807373,78.45147705078125,16.512510299682617
8192.0,0.005823833721754961,adam,2.0,0.0006620633827353043,l2,0.7671611186782772,32.0,15701.0,0.7489626407623291,0.807869017124176,0.4299304187297821,0.05639013275504112,0.21878264844417572,0.3026474118232727,0.28999313712120056,0.09506683051586151,5.126658916473389,18.305999755859375,69.76960754394531,6.797733783721924,1.0092092752456665,2.325394868850708,79.77769470214844,16.88770294189453
2048.0,0.01792280702039242,sgd,2.0,0.00010110072032316385,l2,0.36651744007977954,32.0,15701.0,0.7134157419204712,0.7698280811309814,0.23201321065425873,0.04887892305850983,0.12424591928720474,0.12733644247055054,0.16182947158813477,0.07064120471477509,2.7666168212890625,19.500648498535156,68.57495880126953,9.15777587890625,0.8747817873954773,5.9950642585754395,76.10802459716797,17.022130966186523
8192.0,0.0006154200974599005,sgd,3.0,0.00022308538085381494,l2,0.084663737709126,256.0,237397.0,0.8677051067352295,0.8138881921768188,0.021028388291597366,0.010089686140418053,0.1387970894575119,0.16791044175624847,0.03652309998869896,0.019035426899790764,0.25075075030326843,1.5558487176895142,86.51976013183594,11.6736421585083,0.1805742233991623,0.8948456048965454,81.20824432373047,17.716337203979492
8192.0,0.0608847296747065,adam,3.0,0.008089420765675981,l2,0.4839951354527669,64.0,35989.0,0.2562314569950104,0.821030855178833,0.8235617876052856,0.0,0.11962561309337616,0.0,0.20890647172927856,0.0,9.820474624633789,72.27293395996094,15.802671432495117,2.1039183139801025,0.0,0.0,82.10308837890625,17.89691162109375
8192.0,0.023769677403098252,adam,2.0,0.016964291726677017,l1,0.29628149503015594,512.0,472661.0,0.4776802062988281,0.821030855178833,0.534121036529541,0.0,0.1200675293803215,0.0,0.19606119394302368,0.0,6.3690690994262695,46.676658630371094,41.398948669433594,5.555323600769043,0.0,0.0,82.10308837890625,17.89691162109375
8192.0,0.04790112791283225,adam,3.0,0.0034778831747237513,l2,0.3673053855285347,128.0,86741.0,0.31275784969329834,0.821030855178833,0.7496620416641235,0.0,0.11970356106758118,0.0,0.20644274353981018,0.0,8.939264297485352,65.73908996582031,22.336519241333008,2.985128164291382,0.0,0.0,82.10308837890625,17.89691162109375
512.0,0.06721882721571455,adam,3.0,0.0036769409491074065,l1,0.1861748299582681,1024.0,2517589.0,0.5007014870643616,0.821030855178833,0.4956190884113312,0.0,0.11861339956521988,0.0,0.19141602516174316,0.0,5.909956455230713,43.91541290283203,44.160194396972656,6.0144362449646,0.0,0.0,82.10308837890625,17.89691162109375
512.0,1.717261592264012e-05,adam,3.0,0.03601578404151081,l1,0.509698248453248,512.0,735317.0,0.5169047713279724,0.821030855178833,0.473839670419693,0.0,0.1184895858168602,0.0,0.1895735263824463,0.0,5.650250434875488,42.03538131713867,46.040225982666016,6.274142265319824,0.0,0.0,82.10308837890625,17.89691162109375
512.0,0.02372304807630475,adam,3.0,0.0008904047388881296,l2,0.7464990601634561,64.0,35989.0,0.49725666642189026,0.821030855178833,0.49967455863952637,0.0,0.11853435635566711,0.0,0.19161324203014374,0.0,5.958315849304199,44.308258056640625,43.76734924316406,5.966076850891113,0.0,0.0,82.10308837890625,17.89691162109375
8192.0,0.07905783541399584,adam,3.0,0.09181220481343388,l1,0.512284320396211,1024.0,2517589.0,0.43426448106765747,0.821030855178833,0.5887448191642761,0.0,0.1196187362074852,0.0,0.1988380402326584,0.0,7.0204243659973145,51.66958236694336,36.40602493286133,4.903968334197998,0.0,0.0,82.10308837890625,17.89691162109375
8192.0,0.0017419287385219567,adam,2.0,0.00437297979225405,l1,0.5693187050825669,512.0,472661.0,0.25230899453163147,0.821030855178833,0.821358859539032,0.0,0.11881396174430847,0.0,0.20759756863117218,0.0,9.794205665588379,72.638916015625,15.436694145202637,2.130187511444092,0.0,0.0,82.10308837890625,17.89691162109375
8192.0,0.0015559127435641235,adam,3.0,0.02243704700846419,l1,0.41494262681840166,512.0,735317.0,0.3969384431838989,0.821030855178833,0.6373103857040405,0.0,0.11952561885118484,0.0,0.2012980878353119,0.0,7.599539279937744,55.981300354003906,32.09430694580078,4.324853420257568,0.0,0.0,82.10308837890625,17.89691162109375
512.0,0.007275456864904169,sgd,3.0,0.014077963046296023,l1,0.05155295210760907,64.0,35989.0,0.43073010444641113,0.821030855178833,0.5851899981498718,0.0,0.11835470050573349,0.0,0.19688838720321655,0.0,6.9780354499816895,51.98063278198242,36.094974517822266,4.946357250213623,0.0,0.0,82.10308837890625,17.89691162109375
2048.0,0.004489560029609069,adam,2.0,0.00012975498655624427,l1,0.5372575442230564,512.0,472661.0,0.4349570572376251,0.821030855178833,0.5808842182159424,0.0,0.11854016035795212,0.0,0.19689908623695374,0.0,6.926691055297852,51.506595611572266,36.56901168823242,4.997701644897461,0.0,0.0,82.10308837890625,17.89691162109375
512.0,0.00508714156981599,adam,3.0,0.03347875232509668,l2,0.29207291536684254,128.0,86741.0,0.5168451070785522,0.821030855178833,0.47358933091163635,0.0,0.11842698603868484,0.0,0.18947336077690125,0.0,5.647265434265137,42.03836441040039,46.0372428894043,6.277127265930176,0.0,0.0,82.10308837890625,17.89691162109375
8192.0,0.014850884861830536,adam,3.0,0.09439539441354665,l1,0.7857263411460532,64.0,35989.0,0.6194857358932495,0.821030855178833,0.34000900387763977,0.0,0.1184256449341774,0.0,0.17566603422164917,0.0,4.05440092086792,30.18143653869629,57.89417266845703,7.869991779327393,0.0,0.0,82.10308837890625,17.89691162109375
512.0,0.07532066863680784,adam,3.0,0.035719978024877634,l1,0.7769660225570251,256.0,237397.0,0.5169047713279724,0.821030855178833,0.473839670419693,0.0,0.1184895858168602,0.0,0.1895735263824463,0.0,5.650250434875488,42.03538131713867,46.040225982666016,6.274142265319824,0.0,0.0,82.10308837890625,17.89691162109375
2048.0,0.05389324242520821,adam,2.0,0.005599912010963283,l2,0.7169798471591189,32.0,15701.0,0.5543263554573059,0.821030855178833,0.4256746470928192,0.0,0.11861049383878708,0.0,0.18552550673484802,0.0,5.075911998748779,37.7188835144043,50.35672378540039,6.848480701446533,0.0,0.0,82.10308837890625,17.89691162109375
2048.0,0.00024367454013044985,adam,3.0,0.031968938821173694,l1,0.79610054651102,1024.0,2517589.0,0.4984208643436432,0.821030855178833,0.4988734722137451,0.0,0.11866424977779388,0.0,0.19172383844852448,0.0,5.948763370513916,44.18228530883789,43.8933219909668,5.9756293296813965,0.0,0.0,82.10308837890625,17.89691162109375
2048.0,0.047828071583924416,adam,2.0,0.01697653998984917,l1,0.20126455532061138,32.0,15701.0,0.4791249930858612,0.821030855178833,0.5205026865005493,0.0,0.11805050820112228,0.0,0.19245228171348572,0.0,6.20667839050293,46.36978530883789,41.7058219909668,5.717714309692383,0.0,0.0,82.10308837890625,17.89691162109375
512.0,0.04627715700467364,sgd,3.0,0.043580038264827314,l2,0.20279264842006778,1024.0,2517589.0,0.48281461000442505,0.821030855178833,0.5220047235488892,0.0,0.11914611607789993,0.0,0.1940096914768219,0.0,6.224588871002197,46.018733978271484,42.0568733215332,5.699803352355957,0.0,0.0,82.10308837890625,17.89691162109375
2048.0,0.0015101178978181157,adam,2.0,0.00217000606836008,l1,0.12461822077242664,512.0,472661.0,0.5799327492713928,0.821030855178833,0.3937315344810486,0.0,0.11894426494836807,0.0,0.1826964169740677,0.0,4.695009231567383,34.777339935302734,53.29826736450195,7.2293829917907715,0.0,0.0,82.10308837890625,17.89691162109375
512.0,0.0018359720667159654,sgd,2.0,0.04702235582851433,l1,0.3662154072329963,128.0,70229.0,0.4782055914402008,0.821030855178833,0.5273619294166565,0.0,0.11902771145105362,0.0,0.19421903789043427,0.0,6.28847074508667,46.543521881103516,41.53208541870117,5.635921955108643,0.0,0.0,82.10308837890625,17.89691162109375
8192.0,0.08431089569490545,adam,2.0,0.05219513466694849,l2,0.03535983463559172,512.0,472661.0,0.6208827495574951,0.821030855178833,0.3458669185638428,0.0,0.1204659566283226,0.0,0.1786925196647644,0.0,4.124252796173096,30.111583709716797,57.96402359008789,7.800139904022217,0.0,0.0,82.10308837890625,17.89691162109375
8192.0,0.04929072675153876,adam,2.0,0.014969381353854937,l1,0.6468947780224326,512.0,472661.0,0.3596124053001404,0.821030855178833,0.6858759522438049,0.0,0.11944580078125,0.0,0.20345880091190338,0.0,8.178653717041016,60.29301834106445,27.7825870513916,3.7457387447357178,0.0,0.0,82.10308837890625,17.89691162109375
8192.0,0.028011493789464378,adam,2.0,0.05012329344699264,l2,0.568222730204178,128.0,70229.0,0.7696376442909241,0.821030855178833,0.14930155873298645,0.0,0.121337890625,0.0,0.1338745653629303,0.0,1.7803304195404053,12.892170906066895,75.18343353271484,10.144062042236328,0.0,0.0,82.10308837890625,17.89691162109375
